SET IDENTITY_INSERT ItemSet ON
INSERT INTO ItemSet (ItemSetID, Name)
             VALUES (1, 'Default Items Ranged')
SET IDENTITY_INSERT ItemSet OFF
SET IDENTITY_INSERT Item ON
INSERT INTO Item (ItemID, ItemSetID,     Type,             Name,                                 Description, Cost, RankRequired, ImgShopPath, ImgIconPath, ImgLargePath, ImgAlternatePath)
          VALUES (     1,         1, 'Weapon', 'Punisher Rifle', 'Standard issue weaponry for ranged combat',    1,            1,        null,        null,         null,             null)
INSERT INTO ItemStat (ItemID,   StatType, Rank, DiceCount, DiceReroll, DiceColor, ArmorPenetration, Special)
              VALUES (     1, 'Firearms',    1,         3,          0,   'White',                0,    null)
INSERT INTO ItemStat (ItemID,   StatType, Rank, DiceCount, DiceReroll, DiceColor, ArmorPenetration, Special)
              VALUES (     1, 'Firearms',    2,         3,          0,   'White',                0,    null)
INSERT INTO ItemStat (ItemID,   StatType, Rank, DiceCount, DiceReroll, DiceColor, ArmorPenetration, Special)
              VALUES (     1, 'Firearms',    3,         3,          0,     'Red',                0,    null)
INSERT INTO ItemStat (ItemID,   StatType, Rank, DiceCount, DiceReroll, DiceColor, ArmorPenetration, Special)
              VALUES (     1, 'Firearms',    4,         3,          0,     'Red',                0,    null)
INSERT INTO ItemStat (ItemID,   StatType, Rank, DiceCount, DiceReroll, DiceColor, ArmorPenetration, Special)
              VALUES (     1, 'Firearms',    5,         3,          0,   'Black',                0,    null)
INSERT INTO ItemStat (ItemID,   StatType, Rank, DiceCount, DiceReroll, DiceColor, ArmorPenetration, Special)
              VALUES (     1, 'Firearms',    6,         3,          0,   'Black',                0,    null)
SET IDENTITY_INSERT Item OFF

SET IDENTITY_INSERT ItemSet ON
INSERT INTO ItemSet (ItemSetID, Name)
             VALUES (2, 'Default Items Melee')
SET IDENTITY_INSERT ItemSet OFF
SET IDENTITY_INSERT Item ON
INSERT INTO Item (ItemID, ItemSetID,     Type,             Name,                        Description, Cost, RankRequired, ImgShopPath, ImgIconPath, ImgLargePath, ImgAlternatePath)
          VALUES (     2,         2, 'Weapon', 'Punisher Sword', 'Mechanically enhanced vibroblade',    1,            1,        null,        null,         null,             null)
INSERT INTO ItemStat (ItemID,   StatType, Rank, DiceCount, DiceReroll, DiceColor, ArmorPenetration, Special)
              VALUES (     2,    'Melee',    1,         3,          0,   'White',                0,    null)
INSERT INTO ItemStat (ItemID,   StatType, Rank, DiceCount, DiceReroll, DiceColor, ArmorPenetration, Special)
              VALUES (     2,    'Melee',    2,         3,          0,   'White',                0,    null)
INSERT INTO ItemStat (ItemID,   StatType, Rank, DiceCount, DiceReroll, DiceColor, ArmorPenetration, Special)
              VALUES (     2,    'Melee',    3,         3,          0,     'Red',                0,    null)
INSERT INTO ItemStat (ItemID,   StatType, Rank, DiceCount, DiceReroll, DiceColor, ArmorPenetration, Special)
              VALUES (     2,    'Melee',    4,         3,          0,     'Red',                0,    null)
INSERT INTO ItemStat (ItemID,   StatType, Rank, DiceCount, DiceReroll, DiceColor, ArmorPenetration, Special)
              VALUES (     2,    'Melee',    5,         3,          0,   'Black',                0,    null)
INSERT INTO ItemStat (ItemID,   StatType, Rank, DiceCount, DiceReroll, DiceColor, ArmorPenetration, Special)
              VALUES (     2,    'Melee',    6,         3,          0,   'Black',                0,    null)
SET IDENTITY_INSERT Item OFF

SET IDENTITY_INSERT ItemSet ON
INSERT INTO ItemSet (ItemSetID, Name)
             VALUES (3, 'Default Items Both')
SET IDENTITY_INSERT ItemSet OFF
SET IDENTITY_INSERT Item ON
INSERT INTO Item (ItemID, ItemSetID,     Type,             Name,                                          Description, Cost, RankRequired, ImgShopPath, ImgIconPath, ImgLargePath, ImgAlternatePath)
          VALUES (     3,         3, 'Weapon', 'Punisher Combo', 'A balanced combination of ranged and melee weapons',    2,            1,        null,        null,         null,             null)
INSERT INTO ItemStat (ItemID,   StatType, Rank, DiceCount, DiceReroll, DiceColor, ArmorPenetration, Special)
              VALUES (     3, 'Firearms',    1,         3,          0,   'White',                0,    null)
INSERT INTO ItemStat (ItemID,   StatType, Rank, DiceCount, DiceReroll, DiceColor, ArmorPenetration, Special)
              VALUES (     3, 'Firearms',    2,         3,          0,   'White',                0,    null)
INSERT INTO ItemStat (ItemID,   StatType, Rank, DiceCount, DiceReroll, DiceColor, ArmorPenetration, Special)
              VALUES (     3, 'Firearms',    3,         3,          0,     'Red',                0,    null)
INSERT INTO ItemStat (ItemID,   StatType, Rank, DiceCount, DiceReroll, DiceColor, ArmorPenetration, Special)
              VALUES (     3, 'Firearms',    4,         3,          0,     'Red',                0,    null)
INSERT INTO ItemStat (ItemID,   StatType, Rank, DiceCount, DiceReroll, DiceColor, ArmorPenetration, Special)
              VALUES (     3, 'Firearms',    5,         3,          0,   'Black',                0,    null)
INSERT INTO ItemStat (ItemID,   StatType, Rank, DiceCount, DiceReroll, DiceColor, ArmorPenetration, Special)
              VALUES (     3, 'Firearms',    6,         3,          0,   'Black',                0,    null)
INSERT INTO ItemStat (ItemID,   StatType, Rank, DiceCount, DiceReroll, DiceColor, ArmorPenetration, Special)
              VALUES (     3,    'Melee',    1,         3,          0,   'White',                0,    null)
INSERT INTO ItemStat (ItemID,   StatType, Rank, DiceCount, DiceReroll, DiceColor, ArmorPenetration, Special)
              VALUES (     3,    'Melee',    2,         3,          0,   'White',                0,    null)
INSERT INTO ItemStat (ItemID,   StatType, Rank, DiceCount, DiceReroll, DiceColor, ArmorPenetration, Special)
              VALUES (     3,    'Melee',    3,         3,          0,     'Red',                0,    null)
INSERT INTO ItemStat (ItemID,   StatType, Rank, DiceCount, DiceReroll, DiceColor, ArmorPenetration, Special)
              VALUES (     3,    'Melee',    4,         3,          0,     'Red',                0,    null)
INSERT INTO ItemStat (ItemID,   StatType, Rank, DiceCount, DiceReroll, DiceColor, ArmorPenetration, Special)
              VALUES (     3,    'Melee',    5,         3,          0,   'Black',                0,    null)
INSERT INTO ItemStat (ItemID,   StatType, Rank, DiceCount, DiceReroll, DiceColor, ArmorPenetration, Special)
              VALUES (     3,    'Melee',    6,         3,          0,   'Black',                0,    null)
SET IDENTITY_INSERT Item OFF

SET IDENTITY_INSERT ItemSet ON
INSERT INTO ItemSet (ItemSetID, Name)
             VALUES (4, 'Legionnaire')
SET IDENTITY_INSERT ItemSet OFF
SET IDENTITY_INSERT Item ON
INSERT INTO Item (ItemID, ItemSetID,     Type,            Name,                                        Description, Cost, RankRequired, ImgShopPath, ImgIconPath, ImgLargePath, ImgAlternatePath)
          VALUES (     4,         4, 'Weapon', 'Terror Pistol', 'The common spreader of terror among legionnaires',    1,            1,        null,        null,         null,             null)
INSERT INTO ItemStat (ItemID,   StatType, Rank, DiceCount, DiceReroll, DiceColor, ArmorPenetration, Special)
              VALUES (     4, 'Firearms',    1,         3,          0,   'White',                0,    null)
INSERT INTO ItemStat (ItemID,   StatType, Rank, DiceCount, DiceReroll, DiceColor, ArmorPenetration, Special)
              VALUES (     4, 'Firearms',    2,         3,          0,   'White',                0,    null)
INSERT INTO ItemStat (ItemID,   StatType, Rank, DiceCount, DiceReroll, DiceColor, ArmorPenetration, Special)
              VALUES (     4, 'Firearms',    3,         3,          0,   'White',                0,    null)
INSERT INTO ItemStat (ItemID,   StatType, Rank, DiceCount, DiceReroll, DiceColor, ArmorPenetration, Special)
              VALUES (     4, 'Firearms',    4,         3,          0,   'White',                0,    null)
INSERT INTO ItemStat (ItemID,   StatType, Rank, DiceCount, DiceReroll, DiceColor, ArmorPenetration, Special)
              VALUES (     4, 'Firearms',    5,         3,          0,     'Red',                0,    null)
INSERT INTO ItemStat (ItemID,   StatType, Rank, DiceCount, DiceReroll, DiceColor, ArmorPenetration, Special)
              VALUES (     4, 'Firearms',    6,         3,          0,     'Red',                0,    null)
INSERT INTO ItemStat (ItemID,   StatType, Rank, DiceCount, DiceReroll, DiceColor, ArmorPenetration, Special)
              VALUES (     4,    'Melee',    1,         2,          0,     'Red',                0,    null)
INSERT INTO ItemStat (ItemID,   StatType, Rank, DiceCount, DiceReroll, DiceColor, ArmorPenetration, Special)
              VALUES (     4,    'Melee',    2,         2,          0,     'Red',                0,    null)
INSERT INTO ItemStat (ItemID,   StatType, Rank, DiceCount, DiceReroll, DiceColor, ArmorPenetration, Special)
              VALUES (     4,    'Melee',    3,         2,          0,     'Red',                0,    null)
INSERT INTO ItemStat (ItemID,   StatType, Rank, DiceCount, DiceReroll, DiceColor, ArmorPenetration, Special)
              VALUES (     4,    'Melee',    4,         2,          0,     'Red',                0,    null)
INSERT INTO ItemStat (ItemID,   StatType, Rank, DiceCount, DiceReroll, DiceColor, ArmorPenetration, Special)
              VALUES (     4,    'Melee',    5,         2,          0,   'Black',                0,    null)
INSERT INTO ItemStat (ItemID,   StatType, Rank, DiceCount, DiceReroll, DiceColor, ArmorPenetration, Special)
              VALUES (     4,    'Melee',    6,         2,          0,   'Black',                0,    null)
SET IDENTITY_INSERT Item OFF

SET IDENTITY_INSERT ItemSet ON
INSERT INTO ItemSet (ItemSetID, Name)
             VALUES (5, 'Necromutant')
SET IDENTITY_INSERT ItemSet OFF
SET IDENTITY_INSERT Item ON
INSERT INTO Item (ItemID, ItemSetID,     Type,           Name,                     Description, Cost, RankRequired, ImgShopPath, ImgIconPath, ImgLargePath, ImgAlternatePath)
          VALUES (     5,         5, 'Weapon', 'Barbed Rifle', 'A bayonet-equipped long rifle',    1,            1,        null,        null,         null,             null)
INSERT INTO ItemStat (ItemID,   StatType, Rank, DiceCount, DiceReroll, DiceColor, ArmorPenetration, Special)
              VALUES (     5, 'Firearms',    1,         3,          0,   'White',                0,    null)
INSERT INTO ItemStat (ItemID,   StatType, Rank, DiceCount, DiceReroll, DiceColor, ArmorPenetration, Special)
              VALUES (     5, 'Firearms',    2,         3,          0,   'White',                0,    null)
INSERT INTO ItemStat (ItemID,   StatType, Rank, DiceCount, DiceReroll, DiceColor, ArmorPenetration, Special)
              VALUES (     5, 'Firearms',    3,         3,          0,   'White',                0,    null)
INSERT INTO ItemStat (ItemID,   StatType, Rank, DiceCount, DiceReroll, DiceColor, ArmorPenetration, Special)
              VALUES (     5, 'Firearms',    4,         3,          0,   'White',                0,    null)
INSERT INTO ItemStat (ItemID,   StatType, Rank, DiceCount, DiceReroll, DiceColor, ArmorPenetration, Special)
              VALUES (     5, 'Firearms',    5,         3,          0,     'Red',                0,    null)
INSERT INTO ItemStat (ItemID,   StatType, Rank, DiceCount, DiceReroll, DiceColor, ArmorPenetration, Special)
              VALUES (     5, 'Firearms',    6,         3,          0,     'Red',                0,    null)
INSERT INTO ItemStat (ItemID,   StatType, Rank, DiceCount, DiceReroll, DiceColor, ArmorPenetration, Special)
              VALUES (     5,    'Melee',    1,         2,          0,     'Red',                0,    null)
INSERT INTO ItemStat (ItemID,   StatType, Rank, DiceCount, DiceReroll, DiceColor, ArmorPenetration, Special)
              VALUES (     5,    'Melee',    2,         2,          0,     'Red',                0,    null)
INSERT INTO ItemStat (ItemID,   StatType, Rank, DiceCount, DiceReroll, DiceColor, ArmorPenetration, Special)
              VALUES (     5,    'Melee',    3,         2,          0,     'Red',                0,    null)
INSERT INTO ItemStat (ItemID,   StatType, Rank, DiceCount, DiceReroll, DiceColor, ArmorPenetration, Special)
              VALUES (     5,    'Melee',    4,         2,          0,     'Red',                0,    null)
INSERT INTO ItemStat (ItemID,   StatType, Rank, DiceCount, DiceReroll, DiceColor, ArmorPenetration, Special)
              VALUES (     5,    'Melee',    5,         2,          0,   'Black',                0,    null)
INSERT INTO ItemStat (ItemID,   StatType, Rank, DiceCount, DiceReroll, DiceColor, ArmorPenetration, Special)
              VALUES (     5,    'Melee',    6,         2,          0,   'Black',                0,    null)
SET IDENTITY_INSERT Item OFF

SET IDENTITY_INSERT ItemSet ON
INSERT INTO ItemSet (ItemSetID, Name)
             VALUES (6, 'Centurion')
SET IDENTITY_INSERT ItemSet OFF
SET IDENTITY_INSERT Item ON
INSERT INTO Item (ItemID, ItemSetID,     Type,           Name,                                        Description, Cost, RankRequired, ImgShopPath, ImgIconPath, ImgLargePath, ImgAlternatePath)
          VALUES (     6,         6, 'Weapon', 'Officer''s Combo', 'High quality arms for officers of the Legion',    2,            1,        null,        null,         null,             null)
INSERT INTO ItemStat (ItemID,   StatType, Rank, DiceCount, DiceReroll, DiceColor, ArmorPenetration, Special)
              VALUES (     6, 'Firearms',    1,         4,          0,   'White',                0,    null)
INSERT INTO ItemStat (ItemID,   StatType, Rank, DiceCount, DiceReroll, DiceColor, ArmorPenetration, Special)
              VALUES (     6, 'Firearms',    2,         4,          0,   'White',                0,    null)
INSERT INTO ItemStat (ItemID,   StatType, Rank, DiceCount, DiceReroll, DiceColor, ArmorPenetration, Special)
              VALUES (     6, 'Firearms',    3,         4,          0,   'White',                0,    null)
INSERT INTO ItemStat (ItemID,   StatType, Rank, DiceCount, DiceReroll, DiceColor, ArmorPenetration, Special)
              VALUES (     6, 'Firearms',    4,         4,          0,   'White',                0,    null)
INSERT INTO ItemStat (ItemID,   StatType, Rank, DiceCount, DiceReroll, DiceColor, ArmorPenetration, Special)
              VALUES (     6, 'Firearms',    5,         4,          0,     'Red',                0,    null)
INSERT INTO ItemStat (ItemID,   StatType, Rank, DiceCount, DiceReroll, DiceColor, ArmorPenetration, Special)
              VALUES (     6, 'Firearms',    6,         4,          0,     'Red',                0,    null)
INSERT INTO ItemStat (ItemID,   StatType, Rank, DiceCount, DiceReroll, DiceColor, ArmorPenetration, Special)
              VALUES (     6,    'Melee',    1,         3,          0,   'White',                0,    null)
INSERT INTO ItemStat (ItemID,   StatType, Rank, DiceCount, DiceReroll, DiceColor, ArmorPenetration, Special)
              VALUES (     6,    'Melee',    2,         3,          0,   'White',                0,    null)
INSERT INTO ItemStat (ItemID,   StatType, Rank, DiceCount, DiceReroll, DiceColor, ArmorPenetration, Special)
              VALUES (     6,    'Melee',    3,         3,          0,     'Red',                0,    null)
INSERT INTO ItemStat (ItemID,   StatType, Rank, DiceCount, DiceReroll, DiceColor, ArmorPenetration, Special)
              VALUES (     6,    'Melee',    4,         3,          0,     'Red',                0,    null)
INSERT INTO ItemStat (ItemID,   StatType, Rank, DiceCount, DiceReroll, DiceColor, ArmorPenetration, Special)
              VALUES (     6,    'Melee',    5,         3,          0,   'Black',                0,    null)
INSERT INTO ItemStat (ItemID,   StatType, Rank, DiceCount, DiceReroll, DiceColor, ArmorPenetration, Special)
              VALUES (     6,    'Melee',    6,         3,          0,   'Black',                0,    null)
SET IDENTITY_INSERT Item OFF

SET IDENTITY_INSERT ItemSet ON
INSERT INTO ItemSet (ItemSetID, Name)
             VALUES (7, 'Razide')
SET IDENTITY_INSERT ItemSet OFF
SET IDENTITY_INSERT Item ON
INSERT INTO Item (ItemID, ItemSetID,     Type,           Name,                                                   Description, Cost, RankRequired, ImgShopPath, ImgIconPath, ImgLargePath, ImgAlternatePath)
          VALUES (     7,         7, 'Weapon', 'Heavy Bolter', 'A massive gun that only a bulky Razide could possibly weild',    3,            1,        null,        null,         null,             null)
INSERT INTO ItemStat (ItemID,   StatType, Rank, DiceCount, DiceReroll, DiceColor, ArmorPenetration, Special)
              VALUES (     7, 'Firearms',    1,         4,          0,   'White',                0,    null)
INSERT INTO ItemStat (ItemID,   StatType, Rank, DiceCount, DiceReroll, DiceColor, ArmorPenetration, Special)
              VALUES (     7, 'Firearms',    2,         4,          0,   'White',                0,    null)
INSERT INTO ItemStat (ItemID,   StatType, Rank, DiceCount, DiceReroll, DiceColor, ArmorPenetration, Special)
              VALUES (     7, 'Firearms',    3,         4,          0,     'Red',                0,    null)
INSERT INTO ItemStat (ItemID,   StatType, Rank, DiceCount, DiceReroll, DiceColor, ArmorPenetration, Special)
              VALUES (     7, 'Firearms',    4,         4,          0,     'Red',                0,    null)
INSERT INTO ItemStat (ItemID,   StatType, Rank, DiceCount, DiceReroll, DiceColor, ArmorPenetration, Special)
              VALUES (     7, 'Firearms',    5,         4,          0,     'Red',                0,    null)
INSERT INTO ItemStat (ItemID,   StatType, Rank, DiceCount, DiceReroll, DiceColor, ArmorPenetration, Special)
              VALUES (     7, 'Firearms',    6,         4,          0,     'Red',                0,    null)
INSERT INTO ItemStat (ItemID,   StatType, Rank, DiceCount, DiceReroll, DiceColor, ArmorPenetration, Special)
              VALUES (     7,    'Melee',    1,         3,          0,     'Red',                0,    null)
INSERT INTO ItemStat (ItemID,   StatType, Rank, DiceCount, DiceReroll, DiceColor, ArmorPenetration, Special)
              VALUES (     7,    'Melee',    2,         3,          0,     'Red',                0,    null)
INSERT INTO ItemStat (ItemID,   StatType, Rank, DiceCount, DiceReroll, DiceColor, ArmorPenetration, Special)
              VALUES (     7,    'Melee',    3,         3,          0,   'Black',                0,    null)
INSERT INTO ItemStat (ItemID,   StatType, Rank, DiceCount, DiceReroll, DiceColor, ArmorPenetration, Special)
              VALUES (     7,    'Melee',    4,         3,          0,   'Black',                0,    null)
INSERT INTO ItemStat (ItemID,   StatType, Rank, DiceCount, DiceReroll, DiceColor, ArmorPenetration, Special)
              VALUES (     7,    'Melee',    5,         3,          0,   'Black',                0,    null)
INSERT INTO ItemStat (ItemID,   StatType, Rank, DiceCount, DiceReroll, DiceColor, ArmorPenetration, Special)
              VALUES (     7,    'Melee',    6,         3,          0,   'Black',                0,    null)
SET IDENTITY_INSERT Item OFF

SET IDENTITY_INSERT ItemSet ON
INSERT INTO ItemSet (ItemSetID, Name)
             VALUES (8, 'Nepharite')
SET IDENTITY_INSERT ItemSet OFF
SET IDENTITY_INSERT Item ON
INSERT INTO Item (ItemID, ItemSetID,     Type,           Name,                             Description, Cost, RankRequired, ImgShopPath, ImgIconPath, ImgLargePath, ImgAlternatePath)
          VALUES (     8,         8, 'Weapon', 'Buzzsaw', 'A truly fearsome sight to behold in action',    3,            1,        null,        null,         null,             null)
INSERT INTO ItemStat (ItemID,   StatType, Rank, DiceCount, DiceReroll, DiceColor, ArmorPenetration, Special)
              VALUES (     8, 'Firearms',    1,         5,          0,   'White',                0,    null)
INSERT INTO ItemStat (ItemID,   StatType, Rank, DiceCount, DiceReroll, DiceColor, ArmorPenetration, Special)
              VALUES (     8, 'Firearms',    2,         5,          0,   'White',                0,    null)
INSERT INTO ItemStat (ItemID,   StatType, Rank, DiceCount, DiceReroll, DiceColor, ArmorPenetration, Special)
              VALUES (     8, 'Firearms',    3,         4,          0,     'Red',                0,    null)
INSERT INTO ItemStat (ItemID,   StatType, Rank, DiceCount, DiceReroll, DiceColor, ArmorPenetration, Special)
              VALUES (     8, 'Firearms',    4,         4,          0,     'Red',                0,    null)
INSERT INTO ItemStat (ItemID,   StatType, Rank, DiceCount, DiceReroll, DiceColor, ArmorPenetration, Special)
              VALUES (     8, 'Firearms',    5,         5,          0,     'Red',                0,    null)
INSERT INTO ItemStat (ItemID,   StatType, Rank, DiceCount, DiceReroll, DiceColor, ArmorPenetration, Special)
              VALUES (     8, 'Firearms',    6,         5,          0,     'Red',                0,    null)
INSERT INTO ItemStat (ItemID,   StatType, Rank, DiceCount, DiceReroll, DiceColor, ArmorPenetration, Special)
              VALUES (     8,    'Melee',    1,         4,          0,     'Red',                0,    null)
INSERT INTO ItemStat (ItemID,   StatType, Rank, DiceCount, DiceReroll, DiceColor, ArmorPenetration, Special)
              VALUES (     8,    'Melee',    2,         4,          0,     'Red',                0,    null)
INSERT INTO ItemStat (ItemID,   StatType, Rank, DiceCount, DiceReroll, DiceColor, ArmorPenetration, Special)
              VALUES (     8,    'Melee',    3,         5,          0,     'Red',                0,    null)
INSERT INTO ItemStat (ItemID,   StatType, Rank, DiceCount, DiceReroll, DiceColor, ArmorPenetration, Special)
              VALUES (     8,    'Melee',    4,         5,          0,     'Red',                0,    null)
INSERT INTO ItemStat (ItemID,   StatType, Rank, DiceCount, DiceReroll, DiceColor, ArmorPenetration, Special)
              VALUES (     8,    'Melee',    5,         4,          0,   'Black',                0,    null)
INSERT INTO ItemStat (ItemID,   StatType, Rank, DiceCount, DiceReroll, DiceColor, ArmorPenetration, Special)
              VALUES (     8,    'Melee',    6,         4,          0,   'Black',                0,    null)
SET IDENTITY_INSERT Item OFF

SET IDENTITY_INSERT ItemSet ON
INSERT INTO ItemSet (ItemSetID, Name)
             VALUES (9, 'Ezoghoul')
SET IDENTITY_INSERT ItemSet OFF
SET IDENTITY_INSERT Item ON
INSERT INTO Item (ItemID, ItemSetID,     Type,                Name,                                              Description, Cost, RankRequired, ImgShopPath, ImgIconPath, ImgLargePath, ImgAlternatePath)
          VALUES (     9,         9, 'Weapon', 'Berserker''s Arms', 'Massive weapons for devastating ranged or melee combat',    4,            1,        null,        null,         null,             null)
INSERT INTO ItemStat (ItemID,   StatType, Rank, DiceCount, DiceReroll, DiceColor, ArmorPenetration, Special)
              VALUES (     9, 'Firearms',    1,         5,          0,   'White',                0,    null)
INSERT INTO ItemStat (ItemID,   StatType, Rank, DiceCount, DiceReroll, DiceColor, ArmorPenetration, Special)
              VALUES (     9, 'Firearms',    2,         5,          0,   'White',                0,    null)
INSERT INTO ItemStat (ItemID,   StatType, Rank, DiceCount, DiceReroll, DiceColor, ArmorPenetration, Special)
              VALUES (     9, 'Firearms',    3,         5,          0,     'Red',                0,    null)
INSERT INTO ItemStat (ItemID,   StatType, Rank, DiceCount, DiceReroll, DiceColor, ArmorPenetration, Special)
              VALUES (     9, 'Firearms',    4,         5,          0,     'Red',                0,    null)
INSERT INTO ItemStat (ItemID,   StatType, Rank, DiceCount, DiceReroll, DiceColor, ArmorPenetration, Special)
              VALUES (     9, 'Firearms',    5,         5,          0,     'Red',                0,    null)
INSERT INTO ItemStat (ItemID,   StatType, Rank, DiceCount, DiceReroll, DiceColor, ArmorPenetration, Special)
              VALUES (     9, 'Firearms',    6,         5,          0,     'Red',                0,    null)
INSERT INTO ItemStat (ItemID,   StatType, Rank, DiceCount, DiceReroll, DiceColor, ArmorPenetration, Special)
              VALUES (     9,    'Melee',    1,         4,          0,     'Red',                0,    null)
INSERT INTO ItemStat (ItemID,   StatType, Rank, DiceCount, DiceReroll, DiceColor, ArmorPenetration, Special)
              VALUES (     9,    'Melee',    2,         4,          0,     'Red',                0,    null)
INSERT INTO ItemStat (ItemID,   StatType, Rank, DiceCount, DiceReroll, DiceColor, ArmorPenetration, Special)
              VALUES (     9,    'Melee',    3,         4,          0,   'Black',                0,    null)
INSERT INTO ItemStat (ItemID,   StatType, Rank, DiceCount, DiceReroll, DiceColor, ArmorPenetration, Special)
              VALUES (     9,    'Melee',    4,         4,          0,   'Black',                0,    null)
INSERT INTO ItemStat (ItemID,   StatType, Rank, DiceCount, DiceReroll, DiceColor, ArmorPenetration, Special)
              VALUES (     9,    'Melee',    5,         4,          0,   'Black',                0,    null)
INSERT INTO ItemStat (ItemID,   StatType, Rank, DiceCount, DiceReroll, DiceColor, ArmorPenetration, Special)
              VALUES (     9,    'Melee',    6,         4,          0,   'Black',                0,    null)
SET IDENTITY_INSERT Item OFF